dataset,diagnostic_best_f1_threshold,diagnostic_best_f1,diagnostic_best_precision,diagnostic_best_recall
HAI,0.016252407804131508,0.33951286855339713,0.3163068442811208,0.3663935298499521
SWAT,0.04444869980216026,0.7750131436357979,0.9438390173788057,0.6574195427406436
WUSTL_IIOT,284.0352783203125,0.9025430323403989,0.8226126756567624,0.9996782200974533
