class,precision,recall,f1-score,support
Normal,0.9979300201316196,0.9925358661584691,0.9952256340780348,2335837.0
Attack,0.20832765744903056,0.48824092795573054,0.2920432845321451,9397.0
accuracy,0.9905152321687303,0.9905152321687303,0.9905152321687303,0.9905152321687303
macro avg,0.6031288387903251,0.7403883970570998,0.64363445930509,2345234.0
weighted avg,0.9947662021918624,0.9905152321687303,0.9924080881364857,2345234.0
