class,precision,recall,f1-score,support
Normal,0.9872624178012809,0.9951347515889395,0.991182953710507,1386774.0
Attack,0.8462327362231642,0.6758955875928353,0.7515331835569858,54936.0
accuracy,0.9829702228603533,0.9829702228603533,0.9829702228603533,0.9829702228603533
macro avg,0.9167475770122225,0.8355151695908873,0.8713580686337464,1441710.0
weighted avg,0.9818885169563291,0.9829702228603533,0.9820511589853862,1441710.0
