class,precision,recall,f1-score,support
Normal,0.794397613922942,0.9965084009078158,0.8840485088327145,332226.0
Attack,0.5343235648334003,0.015296037510342926,0.029740690672237925,87016.0
accuracy,0.7928523382676353,0.7928523382676353,0.7928523382676353,0.7928523382676353
macro avg,0.6643605893781711,0.5059022192090794,0.4568945997524762,419242.0
weighted avg,0.7404178040384943,0.7928523382676353,0.7067321876982575,419242.0
